{
    "API": false,
    "API1": "ติดบอท..ทักแชทสิคับที่รัก",
    "API10": "โอเค...ก็ได้ !!",
    "API11": "ฝันดี..หลับตาสิที่รัก",
    "API12": "ตื่นนานแล้วคับ...",
    "API13": "ตลกมากมั้ยครับคุณพี่ ?",
    "API14": "คิดถึงผมหรอ ?",
    "API15": "ธุระด่วน...ทักแชทครับ",
    "API2": "พูดเพราะจังเลย...",
    "API3": "ออนนานจัง..ลุกพี่ !!",
    "API4": "เชคเพื่อ...?",
    "API5": "แรงเหี้ยๆ",
    "API6": "มาจุ้บปากสักทีสิ..ที่รัก",
    "API7": "สัตว์โลก...ย่อม อิอิกำ !!",
    "API8": "มีอะไรให้..งง!!!",
    "API9": "อะ อะ อะ อาว !!!!",
    "AutoJoinCancel": true,
    "Bot": true,
    "Mentiongift": false,
    "add": {},
    "autoAdd": true,
    "autoJoinTicket": true,
    "autoblock": false,
    "autojoin": false,
    "autokick": false,
    "bc": {},
    "blacklist": {},
    "changeGroupPicture": [],
    "changePicture": false,
    "checkSticker": {},
    "contactkick": {},
    "copy": false,
    "dblacklist": false,
    "detectMention": true,
    "getReader": {
        "c42edf50a648e40727e426b81a9a83acf": []
    },
    "go": true,
    "gobye": false,
    "ingroup": {
        "c167a593c69b22ecdb679f78b0b35ef6b": "􂜁􀄗w􏿿􂘁􀄅e􏿿􂘁􀄌l􏿿􂘁􀄃c􏿿􂘁􀄏o􏿿􂘁􀄍m􏿿􂘁􀄅e􏿿\n\n> อย่าดื้อนะ...เห็บหมากระเป๋า",
        "cfad30e0a7a73c71669e181e9b9426b40": "􂘁􀄗w􏿿􂘁􀄅e􏿿􂘁􀄌l􏿿􂘁􀄃c􏿿􂘁􀄏o􏿿􂘁􀄍m􏿿􂘁􀄅e􏿿"
    },
    "kitoken": "",
    "lang": "JP",
    "memberscancel": 10,
    "mentionPesan": "",
    "messageSticker": {
        "addName": "responSticker",
        "addStatus": true,
        "listSticker": {
            "addSticker": {
                "STKID": "12435416",
                "STKPKGID": "6817",
                "STKVER": "3"
            },
            "leaveSticker": {
                "STKID": "12435416",
                "STKPKGID": "6817",
                "STKVER": "3"
            },
            "readerSticker": {
                "STKID": "12435416",
                "STKPKGID": "6817",
                "STKVER": "3"
            },
            "responSticker": {
                "STKID": "12435416",
                "STKPKGID": "6817",
                "STKVER": "3"
            },
            "sleepSticker": null,
            "welcomeSticker": {
                "STKID": "12435416",
                "STKPKGID": "6817",
                "STKVER": "3"
            }
        }
    },
    "notag": false,
    "outgroup": {
        "ceacf53e707c2a0503e395f197d197ae5": " ┏━━━━━°🎀•° °•🎀°━━━━━┓\n         โชคดีน้า....แล้วพบกันใหม่ที่รัก\n        􀼂􀇨car􏿿􀼂􀇨car􏿿􀼂􀇨car􏿿􀼂􀇨car􏿿􀼂􀇨car􏿿􀼂􀇨car􏿿􀼂􀇨car􏿿 􂜁􀅿...􏿿\n ┗━━━━━°🎀•° °•🎀°━━━━━┛"
    },
    "photo": {},
    "photoo": {},
    "potoMention": true,
    "readerPesan": "",
    "status": true,
    "tag": false,
    "tagchat": true,
    "tagtext": "",
    "textAdd": "สอบถามเรื่องอะไรกรุณาทิ้งข้อความไว้นะครับ",
    "textgo": "สอบถามเรื่องอะไรกรุณาทิ้งข้อความไว้นะครับ",
    "textjo": "สวัสดีครับ>",
    "textwelcome": "",
    "unsendMessage": true,
    "wblacklist": false,
    "welcomePesan": "",
    "win10": ""
}